id,milestone,title,owner_role,priority,dependency_gates,spec_sections,deliverable_acceptance,status,evidence,source_ids,acceptance_test_ids,source_urls,test_family_candidates
N001,M0,Approve authority and tick contracts,Lead,P0,,3,Signed ADRs define end-of-tick state and the four ACK meanings,Not started,Proposed engineering task,"S02,S18",,https://raw.githubusercontent.com/ValveSoftware/source-sdk-2013/master/src/game/client/prediction.cpp ; https://docs.unity3d.com/Packages/com.unity.netcode@1.5/manual/time-synchronization.html,
N002,M0,Pin and license-audit dependencies,Lead,P0,,"2,24",Commit IDs lockfiles and a component license register exist; restricted code excluded,Not started,Proposed engineering task,"S01,S15,S25,S26,S44",,https://github.com/ValveSoftware/source-sdk-2013 ; https://dev.epicgames.com/documentation/en-us/unreal-engine/downloading-source-code-in-unreal-engine ; https://raw.githubusercontent.com/Unity-Technologies/EntityComponentSystemSamples/master/LICENSE.md ; https://raw.githubusercontent.com/Unity-Technologies/CharacterControllerSamples/master/LICENSE.md ; https://github.com/FirstGearGames/FishNet/blob/main/LICENSE.md,
N003,M0,Classify simulation fields,Gameplay,P0,,5,Every state field has authority prediction visibility codec and restoration classifications,Not started,Proposed engineering task,S16,,https://docs.unity3d.com/Packages/com.unity.netcode@1.5/manual/intro-to-prediction.html,
N004,M0,Select one engine integration path,Engine,P0,,19,One writer per gameplay state; engine/core ownership diagram approved,Not started,Proposed engineering task,"S08,S22,S27",,https://dev.epicgames.com/documentation/en-us/unreal-engine/understanding-networked-movement-in-the-character-movement-component-for-unreal-engine ; https://mp-docs.dl.it.unity3d.com/netcode/2.2.0/advanced-topics/client-anticipation/ ; https://github.com/cBournhonesque/lightyear,
N005,M0,Freeze baseline fairness policy,Gameplay,P0,,14,Cover shield teleport trade and rewind rules are in the ruleset hash,Not started,Proposed engineering task,"S40,S42",,https://www.riotgames.com/en/news/peeking-valorants-netcode ; https://www.ea.com/games/apex-legends/news/servers-netcode-developer-deep-dive,T068;T069;T070;T071;T072;T073;T074;T075;T076;T077;T078;T079;T080;T081;T082
N006,M0,Declare hardware and quality envelope,QA,P0,,"21,22",Reference server/client machines network profiles and measurable gates recorded,Not started,Proposed engineering task,,,,T102;T103;T104;T105;T106;T107;T108
N083,M0,Record Epic Replication Graph spatial ADR and provenance,Lead,P0,,"2,4,17,24",Selected basis is public Epic graph; Unity supporting only; Iris not stacked; sources/version/license boundaries explicit,Not started,Derived library implementation of selected Epic Replication Graph basis,"S09,S51,S60",,https://dev.epicgames.com/documentation/en-us/unreal-engine/replication-graph-in-unreal-engine ; https://dev.epicgames.com/documentation/unreal-engine/API/Plugins/ReplicationGraph/UReplicationGraphNode?lang=en-US ; https://dev.epicgames.com/documentation/unreal-engine/migrate-to-iris-in-unreal-engine,T063;T064;T083;T084;T085;T086;T087;T088;T089;T090;T091;T092;T093;T114;T115;T116;T117;T118;T119;T120;T121;T122;T123;T124;T125;T126;T127;T128;T129;T130;T131;T132;T133;T134;T135;T136;T137;T138;T139;T140;T141;T142;T143;T144;T145;T146;T147;T148;T149;T150;T151;T152;T153;T154;T155;T156;T157
N084,M0,Approve class routes disclosure observers and graph budgets,Lead,P0,,"3,4,17,21",Every actor class and event declares route field policy cull limits observer entitlement and prediction fallback,Not started,Derived library implementation of selected Epic Replication Graph basis,"S59,S61,S62",,https://dev.epicgames.com/documentation/en-us/unreal-engine/API/Plugins/ReplicationGraph/UBasicReplicationGraph ; https://dev.epicgames.com/documentation/en-us/unreal-engine/API/Plugins/ReplicationGraph/FGlobalActorReplicationInfo ; https://dev.epicgames.com/documentation/en-us/unreal-engine/API/Plugins/ReplicationGraph/FConnectionReplicationActorInfo,T063;T064;T083;T084;T085;T086;T087;T088;T089;T090;T091;T092;T093;T102;T103;T104;T105;T106;T107;T108;T114;T115;T116;T117;T118;T119;T120;T121;T122;T123;T124;T125;T126;T127;T128;T129;T130;T131;T132;T133;T134;T135;T136;T137;T138;T139;T140;T141;T142;T143;T144;T145;T146;T147;T148;T149;T150;T151;T152;T153;T154;T155;T156;T157
N007,M1,Implement strongly typed tick and identity primitives,Runtime,P0,M0,3,Serial-wrap epoch and generation unit tests pass,Not started,Proposed engineering task,S04,,https://raw.githubusercontent.com/ValveSoftware/source-sdk-2013/master/src/game/shared/usercmd.h,
N008,M1,Implement deterministic command/state model,Gameplay,P0,M0,5,Repeated command traces produce identical canonical state,Not started,Proposed engineering task,,,,
N009,M1,Implement canonical checkpoint codec,Runtime,P0,M0,"5,16",Round-trip every field; reject invalid schema without partial mutation,Not started,Proposed engineering task,S39,,https://raw.githubusercontent.com/id-Software/Quake-III-Arena/master/code/qcommon/msg.c,T083;T084;T085;T086;T087;T088;T089;T090;T091;T092;T093
N010,M1,Implement complete transactional restore,Gameplay,P0,M0,"5,9",Restore at every tick and replay to the original final digest,Not started,Proposed engineering task,S02,,https://raw.githubusercontent.com/ValveSoftware/source-sdk-2013/master/src/game/client/prediction.cpp,T023;T024;T025;T026;T027;T028;T029;T030;T031;T032;T033;T034;T035;T036;T037;T038;T039;T040
N011,M1,Implement shared capsule movement,Gameplay,P0,M0,11,Walk brake jump air control crouch slope and step maps pass,Not started,Proposed engineering task,"S05,S24",,https://raw.githubusercontent.com/ValveSoftware/source-sdk-2013/master/src/game/shared/gamemovement.cpp ; https://raw.githubusercontent.com/Unity-Technologies/CharacterControllerSamples/master/_Documentation/Tutorial/tutorial-netcodecharacters.md,T049;T050;T051;T052;T053;T054;T055;T056;T057
N012,M1,Implement deterministic collision query adapter,Gameplay,P0,M0,11,Stable contact ties and overlap resolution reproduce across supported builds,Not started,Proposed engineering task,S49,,https://rapier.rs/docs/user_guides/rust/determinism/,T049;T050;T051;T052;T053;T054;T055;T056;T057
N013,M1,Implement entity-scoped random streams,Gameplay,P0,M0,"5,13",Adding unrelated cosmetic entities does not alter shot spread,Not started,Proposed engineering task,,,,T041;T042;T043;T044;T045;T046;T047;T048
N014,M1,Implement deterministic system scheduling,Runtime,P0,M0,"5,8",Stage order is fixed and worker extraction observes only committed state,Not started,Proposed engineering task,S07,,https://www.gdcvault.com/play/1024001/-Overwatch-Gameplay-Architecture-and,
N015,M1,Create replay command-line runner,QA,P0,M0,20,Replay file identifies first divergent tick and field,Not started,Proposed engineering task,,,,T102;T103;T104;T105;T106;T107;T108
N060,M1,Implement persistent GridSpatialization2D-style node,Runtime,P0,M0,"4,17",Sparse influence-cell lists and static/dynamic/dormancy routing; prepared once; exact eligibility matches oracle without world-wide per-client scans,Not started,Proposed engineering task,"S09,S51,S52",T114;T116;T117;T118;T119;T126,https://dev.epicgames.com/documentation/en-us/unreal-engine/replication-graph-in-unreal-engine ; https://dev.epicgames.com/documentation/unreal-engine/API/Plugins/ReplicationGraph/UReplicationGraphNode?lang=en-US ; https://dev.epicgames.com/documentation/en-us/unreal-engine/API/Plugins/ReplicationGraph/UReplicationGraphNode_GridSpatia-,T063;T064;T083;T084;T085;T086;T087;T088;T089;T090;T091;T092;T093;T114;T115;T116;T117;T118;T119;T120;T121;T122;T123;T124;T125;T126;T127;T128;T129;T130;T131;T132;T133;T134;T135;T136;T137;T138;T139;T140;T141;T142;T143;T144;T145;T146;T147;T148;T149;T150;T151;T152;T153;T154;T155;T156;T157
N064,M1,Implement authoritative graph disclosure and field policy,Runtime,P0,M0,"4,17,18",Global/owner/team/required reasons never override hard field denial; the graph only outputs approved representations,Not started,Proposed engineering task,"S09,S41",,https://dev.epicgames.com/documentation/en-us/unreal-engine/replication-graph-in-unreal-engine ; https://www.riotgames.com/en/news/demolishing-wallhacks-valorants-fog-war,T063;T064;T083;T084;T085;T086;T087;T088;T089;T090;T091;T092;T093;T094;T095;T096;T097;T098;T099;T100;T101;T114;T115;T116;T117;T118;T119;T120;T121;T122;T123;T124;T125;T126;T127;T128;T129;T130;T131;T132;T133;T134;T135;T136;T137;T138;T139;T140;T141;T142;T143;T144;T145;T146;T147;T148;T149;T150;T151;T152;T153;T154;T155;T156;T157
N085,M1,Implement committed change feed and once-per-frame prepare,Runtime,P0,M0,"4,8,17",Spawn/remove/teleport/bounds/cull/team/owner/dormancy changes publish before frozen gather; dynamic refresh is shared,Not started,Derived library implementation of selected Epic Replication Graph basis,"S51,S52",,https://dev.epicgames.com/documentation/unreal-engine/API/Plugins/ReplicationGraph/UReplicationGraphNode?lang=en-US ; https://dev.epicgames.com/documentation/en-us/unreal-engine/API/Plugins/ReplicationGraph/UReplicationGraphNode_GridSpatia-,T063;T064;T083;T084;T085;T086;T087;T088;T089;T090;T091;T092;T093;T114;T115;T116;T117;T118;T119;T120;T121;T122;T123;T124;T125;T126;T127;T128;T129;T130;T131;T132;T133;T134;T135;T136;T137;T138;T139;T140;T141;T142;T143;T144;T145;T146;T147;T148;T149;T150;T151;T152;T153;T154;T155;T156;T157
N086,M1,Implement global and per-connection actor-list nodes,Runtime,P0,M0,"4,17",Owner and approved team/custom routes work independently of spatial lists; duplicate reasons do not duplicate output,Not started,Derived library implementation of selected Epic Replication Graph basis,"S53,S54",,https://dev.epicgames.com/documentation/unreal-engine/API/Plugins/ReplicationGraph/UReplicationGraphNode_AlwaysRele- ; https://dev.epicgames.com/documentation/unreal-engine/API/Plugins/ReplicationGraph/UReplicationGraphNode_AlwaysRele-_1?lang=en-US,T063;T064;T083;T084;T085;T086;T087;T088;T089;T090;T091;T092;T093;T114;T115;T116;T117;T118;T119;T120;T121;T122;T123;T124;T125;T126;T127;T128;T129;T130;T131;T132;T133;T134;T135;T136;T137;T138;T139;T140;T141;T142;T143;T144;T145;T146;T147;T148;T149;T150;T151;T152;T153;T154;T155;T156;T157
N087,M1,Implement influence coverage and transactional routing limits,Runtime,P0,M0,17,Negative coordinates extent/cull changes and same-center-cell coverage are correct; oversized updates do not corrupt old routing,Not started,Derived library implementation of selected Epic Replication Graph basis,S52,,https://dev.epicgames.com/documentation/en-us/unreal-engine/API/Plugins/ReplicationGraph/UReplicationGraphNode_GridSpatia-,T063;T064;T083;T084;T085;T086;T087;T088;T089;T090;T091;T092;T093;T114;T115;T116;T117;T118;T119;T120;T121;T122;T123;T124;T125;T126;T127;T128;T129;T130;T131;T132;T133;T134;T135;T136;T137;T138;T139;T140;T141;T142;T143;T144;T145;T146;T147;T148;T149;T150;T151;T152;T153;T154;T155;T156;T157
N088,M1,Build independent spatial oracle and change-sequence tests,QA,P0,M0,"17,22",Randomized grid results match full-scan oracle; sparse connection gather does not visit unrelated distant actors,Not started,Derived library implementation of selected Epic Replication Graph basis,,,,T063;T064;T083;T084;T085;T086;T087;T088;T089;T090;T091;T092;T093;T114;T115;T116;T117;T118;T119;T120;T121;T122;T123;T124;T125;T126;T127;T128;T129;T130;T131;T132;T133;T134;T135;T136;T137;T138;T139;T140;T141;T142;T143;T144;T145;T146;T147;T148;T149;T150;T151;T152;T153;T154;T155;T156;T157
N089,M1,Implement bounded authorized dependency closure,Gameplay,P0,M0,"12,17",Visited-set closure handles cycles and all-or-nothing capacity; missing or denied state blocks prediction without disclosure,Not started,Derived library implementation of selected Epic Replication Graph basis,S61,,https://dev.epicgames.com/documentation/en-us/unreal-engine/API/Plugins/ReplicationGraph/FGlobalActorReplicationInfo,T023;T024;T025;T026;T027;T028;T029;T030;T031;T032;T033;T034;T035;T036;T037;T038;T039;T040;T063;T064;T083;T084;T085;T086;T087;T088;T089;T090;T091;T092;T093;T114;T115;T116;T117;T118;T119;T120;T121;T122;T123;T124;T125;T126;T127;T128;T129;T130;T131;T132;T133;T134;T135;T136;T137;T138;T139;T140;T141;T142;T143;T144;T145;T146;T147;T148;T149;T150;T151;T152;T153;T154;T155;T156;T157
N090,M1,Implement graph accounting and sparse connection storage,Runtime,P0,M0,"17,21",Candidates memberships observers known scopes and pending transitions all enforce independent caps,Not started,Derived library implementation of selected Epic Replication Graph basis,"S61,S62",,https://dev.epicgames.com/documentation/en-us/unreal-engine/API/Plugins/ReplicationGraph/FGlobalActorReplicationInfo ; https://dev.epicgames.com/documentation/en-us/unreal-engine/API/Plugins/ReplicationGraph/FConnectionReplicationActorInfo,T063;T064;T083;T084;T085;T086;T087;T088;T089;T090;T091;T092;T093;T102;T103;T104;T105;T106;T107;T108;T114;T115;T116;T117;T118;T119;T120;T121;T122;T123;T124;T125;T126;T127;T128;T129;T130;T131;T132;T133;T134;T135;T136;T137;T138;T139;T140;T141;T142;T143;T144;T145;T146;T147;T148;T149;T150;T151;T152;T153;T154;T155;T156;T157
N016,M2,Integrate secure transport adapter,Runtime,P0,M1,18,Separate processes authenticate and exchange bounded datagrams/control messages,Not started,Proposed engineering task,"S33,S34,S35,S36",,https://github.com/ValveSoftware/GameNetworkingSockets ; https://github.com/quinn-rs/quinn ; https://www.rfc-editor.org/rfc/rfc9221.html ; https://www.rfc-editor.org/rfc/rfc9000.html,T094;T095;T096;T097;T098;T099;T100;T101
N017,M2,Implement secure readiness and initial graph scope,Runtime,P0,M1,"17,18,27",Server validates assets owner and observers; initial authorized scopes and required groups decode before activation,Not started,Proposed engineering task,,,,T063;T064;T083;T084;T085;T086;T087;T088;T089;T090;T091;T092;T093;T094;T095;T096;T097;T098;T099;T100;T101;T114;T115;T116;T117;T118;T119;T120;T121;T122;T123;T124;T125;T126;T127;T128;T129;T130;T131;T132;T133;T134;T135;T136;T137;T138;T139;T140;T141;T142;T143;T144;T145;T146;T147;T148;T149;T150;T151;T152;T153;T154;T155;T156;T157
N018,M2,Implement bounded frame and command codecs,Runtime,P0,M1,"7,18",Malformed lengths counts enums and nonfinite values are rejected before allocation,Not started,Proposed engineering task,,,,T009;T010;T011;T012;T013;T014;T015;T016;T017;T018;T019;T020;T021;T022;T094;T095;T096;T097;T098;T099;T100;T101
N019,M2,Implement hardware input journal,Engine,P0,M1,7,Press/release and mouse deltas survive 30/240 FPS mismatch without duplication,Not started,Proposed engineering task,S19,,https://docs.unity3d.com/Packages/com.unity.netcode@1.5/manual/command-stream.html,T009;T010;T011;T012;T013;T014;T015;T016;T017;T018;T019;T020;T021;T022
N020,M2,Implement command bundling and redundancy,Runtime,P0,M1,7,Bundles decode independently and duplicates do not repeat actions,Not started,Proposed engineering task,S19,,https://docs.unity3d.com/Packages/com.unity.netcode@1.5/manual/command-stream.html,T009;T010;T011;T012;T013;T014;T015;T016;T017;T018;T019;T020;T021;T022
N021,M2,Implement immutable target-tick admission,Runtime,P0,M1,7,Late future conflicting-owner and equivocated commands follow explicit verdicts,Not started,Proposed engineering task,,,,T009;T010;T011;T012;T013;T014;T015;T016;T017;T018;T019;T020;T021;T022
N022,M2,Implement missing-input substitutes,Gameplay,P0,M1,"7,8",One-shot edges never repeat; held intent expires after configured grace,Not started,Proposed engineering task,,,,T009;T010;T011;T012;T013;T014;T015;T016;T017;T018;T019;T020;T021;T022
N023,M2,Implement finalized input receipts,Runtime,P0,M1,7,Highest-received sequence cannot retire unexecuted inputs,Not started,Proposed engineering task,,,,T009;T010;T011;T012;T013;T014;T015;T016;T017;T018;T019;T020;T021;T022
N024,M2,Implement monotonic clock estimator,Runtime,P0,M1,6,Offset estimation remains bounded under jitter and clock drift,Not started,Proposed engineering task,S18,,https://docs.unity3d.com/Packages/com.unity.netcode@1.5/manual/time-synchronization.html,T001;T002;T003;T004;T005;T006;T007;T008
N025,M2,Implement arrival-slack lead controller,Runtime,P0,M1,6,Asymmetric paths converge toward target slack without retargeting sent commands,Not started,Proposed engineering task,S18,,https://docs.unity3d.com/Packages/com.unity.netcode@1.5/manual/time-synchronization.html,T001;T002;T003;T004;T005;T006;T007;T008
N026,M2,Implement paced fixed-tick server loop,Runtime,P0,M1,8,Packets cannot advance extra simulation time; catch-up debt is bounded,Not started,Proposed engineering task,,,,
N041,M2,Implement core lifecycle and scope-safe tombstones,Runtime,P0,M1,"9,15,17",World death is distinct from connection scope exit; old generations and old scope messages cannot resurrect state,Not started,Proposed engineering task,,,,T023;T024;T025;T026;T027;T028;T029;T030;T031;T032;T033;T034;T035;T036;T037;T038;T039;T040;T058;T059;T060;T061;T062;T063;T064;T065;T066;T067;T083;T084;T085;T086;T087;T088;T089;T090;T091;T092;T093;T114;T115;T116;T117;T118;T119;T120;T121;T122;T123;T124;T125;T126;T127;T128;T129;T130;T131;T132;T133;T134;T135;T136;T137;T138;T139;T140;T141;T142;T143;T144;T145;T146;T147;T148;T149;T150;T151;T152;T153;T154;T155;T156;T157
N054,M2,Implement reliable/idempotent core outcome delivery,Runtime,P0,M1,"7,13,15,27",Core action receipts and safe identity channels exist in M2; later combat uses the same bounded outcome protocol,Not started,Proposed engineering task,,,,T009;T010;T011;T012;T013;T014;T015;T016;T017;T018;T019;T020;T021;T022;T041;T042;T043;T044;T045;T046;T047;T048;T058;T059;T060;T061;T062;T063;T064;T065;T066;T067;T136;T137;T138;T139;T140;T141;T142;T143;T144;T145;T146;T147;T148;T149;T150
N057,M2,Implement scoped decoded-entry baseline ACKs,Runtime,P0,M1,"16,17,27",No delta before exact scope-entry decode ACK; M2 may use full-state/reset-only mode before M6 delta tuning,Not started,Proposed engineering task,,,,T063;T064;T083;T084;T085;T086;T087;T088;T089;T090;T091;T092;T093;T114;T115;T116;T117;T118;T119;T120;T121;T122;T123;T124;T125;T126;T127;T128;T129;T130;T131;T132;T133;T134;T135;T136;T137;T138;T139;T140;T141;T142;T143;T144;T145;T146;T147;T148;T149;T150;T151;T152;T153;T154;T155;T156;T157
N059,M2,Implement bounded atomic scope/group entry chunks,Runtime,P0,M1,"12,16,17,27",Chunks validate group and member scope identities; unknown or incomplete entry never publishes; bounded transfer progress,Not started,Proposed engineering task,,,,T023;T024;T025;T026;T027;T028;T029;T030;T031;T032;T033;T034;T035;T036;T037;T038;T039;T040;T063;T064;T083;T084;T085;T086;T087;T088;T089;T090;T091;T092;T093;T114;T115;T116;T117;T118;T119;T120;T121;T122;T123;T124;T125;T126;T127;T128;T129;T130;T131;T132;T133;T134;T135;T136;T137;T138;T139;T140;T141;T142;T143;T144;T145;T146;T147;T148;T149;T150;T151;T152;T153;T154;T155;T156;T157
N061,M2,Implement graph-first bounded replication scheduler,Runtime,P0,M1,"4,16,17",Authorized scopes and complete required units precede due/priority/budget; bounded critical reserve and infeasible-load behavior,Not started,Proposed engineering task,"S57,S62,S48",,https://dev.epicgames.com/documentation/en-us/unreal-engine/API/Plugins/ReplicationGraph/UReplicationGraphNode_DynamicSpa- ; https://dev.epicgames.com/documentation/en-us/unreal-engine/API/Plugins/ReplicationGraph/FConnectionReplicationActorInfo ; https://gafferongames.com/post/state_synchronization/,T063;T064;T083;T084;T085;T086;T087;T088;T089;T090;T091;T092;T093;T114;T115;T116;T117;T118;T119;T120;T121;T122;T123;T124;T125;T126;T127;T128;T129;T130;T131;T132;T133;T134;T135;T136;T137;T138;T139;T140;T141;T142;T143;T144;T145;T146;T147;T148;T149;T150;T151;T152;T153;T154;T155;T156;T157
N062,M2,Implement core per-connection dormancy and repair,Runtime,P0,M1,"17,27",Dirty versions remain pending independently per connection until decode; dropped wake and initial dormant entry recover without global polling,Not started,Proposed engineering task,"S55,S56,S58",T146;T147;T148;T149;T150,https://dev.epicgames.com/documentation/en-us/unreal-engine/API/Plugins/ReplicationGraph/UReplicationGraphNode_DormancyNo- ; https://dev.epicgames.com/documentation/en-us/unreal-engine/API/Plugins/ReplicationGraph/UReplicationGraphNode_Connection- ; https://dev.epicgames.com/documentation/en-us/unreal-engine/actor-network-dormancy-in-unreal-engine,T063;T064;T083;T084;T085;T086;T087;T088;T089;T090;T091;T092;T093;T114;T115;T116;T117;T118;T119;T120;T121;T122;T123;T124;T125;T126;T127;T128;T129;T130;T131;T132;T133;T134;T135;T136;T137;T138;T139;T140;T141;T142;T143;T144;T145;T146;T147;T148;T149;T150;T151;T152;T153;T154;T155;T156;T157
N065,M2,Implement transport-aware pacing/backpressure,Runtime,P0,M1,"17,18",Transport budget constrains entries lifecycle critical groups and optional state; queues and entry transfers have finite progress/degradation policy,Not started,Proposed engineering task,S35,,https://www.rfc-editor.org/rfc/rfc9221.html,T063;T064;T083;T084;T085;T086;T087;T088;T089;T090;T091;T092;T093;T094;T095;T096;T097;T098;T099;T100;T101;T114;T115;T116;T117;T118;T119;T120;T121;T122;T123;T124;T125;T126;T127;T128;T129;T130;T131;T132;T133;T134;T135;T136;T137;T138;T139;T140;T141;T142;T143;T144;T145;T146;T147;T148;T149;T150;T151;T152;T153;T154;T155;T156;T157
N091,M2,Implement server-approved observer grants,Runtime,P0,M1,"17,18,27",Pawn/camera/spectator observers are validated and capped; arbitrary client subscriptions are rejected,Not started,Derived library implementation of selected Epic Replication Graph basis,S54,,https://dev.epicgames.com/documentation/unreal-engine/API/Plugins/ReplicationGraph/UReplicationGraphNode_AlwaysRele-_1?lang=en-US,T063;T064;T083;T084;T085;T086;T087;T088;T089;T090;T091;T092;T093;T094;T095;T096;T097;T098;T099;T100;T101;T114;T115;T116;T117;T118;T119;T120;T121;T122;T123;T124;T125;T126;T127;T128;T129;T130;T131;T132;T133;T134;T135;T136;T137;T138;T139;T140;T141;T142;T143;T144;T145;T146;T147;T148;T149;T150;T151;T152;T153;T154;T155;T156;T157
N092,M2,Implement scope epochs full entry and exact ready receipts,Runtime,P0,M1,"3,16,17,27",Entry stages full state under new scope identity; old ACK and delta cannot activate re-entry,Not started,Derived library implementation of selected Epic Replication Graph basis,,T136;T137;T138;T139;T140;T141;T142;T143;T144;T145,,T063;T064;T083;T084;T085;T086;T087;T088;T089;T090;T091;T092;T093;T114;T115;T116;T117;T118;T119;T120;T121;T122;T123;T124;T125;T126;T127;T128;T129;T130;T131;T132;T133;T134;T135;T136;T137;T138;T139;T140;T141;T142;T143;T144;T145;T146;T147;T148;T149;T150;T151;T152;T153;T154;T155;T156;T157
N093,M2,Implement scope exit retries and supersession fences,Runtime,P0,M1,"15,17,27",Lost exits repair; newer entry survives stale exit; exit-before-entry is fenced; authoritative death remains distinct,Not started,Derived library implementation of selected Epic Replication Graph basis,,T136;T137;T138;T139;T140;T141;T142;T143;T144;T145,,T058;T059;T060;T061;T062;T063;T064;T065;T066;T067;T083;T084;T085;T086;T087;T088;T089;T090;T091;T092;T093;T114;T115;T116;T117;T118;T119;T120;T121;T122;T123;T124;T125;T126;T127;T128;T129;T130;T131;T132;T133;T134;T135;T136;T137;T138;T139;T140;T141;T142;T143;T144;T145;T146;T147;T148;T149;T150;T151;T152;T153;T154;T155;T156;T157
N094,M2,Implement representation changes and revocation fencing,Runtime,P0,M1,"16,17,18,27",Unsent prohibited payloads canceled; narrower state uses new scope/full baseline; no private encoder-cache reuse,Not started,Derived library implementation of selected Epic Replication Graph basis,,T136;T137;T138;T139;T140;T141;T142;T143;T144;T145,,T063;T064;T083;T084;T085;T086;T087;T088;T089;T090;T091;T092;T093;T094;T095;T096;T097;T098;T099;T100;T101;T114;T115;T116;T117;T118;T119;T120;T121;T122;T123;T124;T125;T126;T127;T128;T129;T130;T131;T132;T133;T134;T135;T136;T137;T138;T139;T140;T141;T142;T143;T144;T145;T146;T147;T148;T149;T150;T151;T152;T153;T154;T155;T156;T157
N095,M2,Implement mutation versions flush and independent dormancy ACKs,Runtime,P0,M1,"17,27",Flush-before-mutation path; two connections can have different pending versions; late join receives full dormant state,Not started,Derived library implementation of selected Epic Replication Graph basis,"S55,S56,S58",,https://dev.epicgames.com/documentation/en-us/unreal-engine/API/Plugins/ReplicationGraph/UReplicationGraphNode_DormancyNo- ; https://dev.epicgames.com/documentation/en-us/unreal-engine/API/Plugins/ReplicationGraph/UReplicationGraphNode_Connection- ; https://dev.epicgames.com/documentation/en-us/unreal-engine/actor-network-dormancy-in-unreal-engine,T063;T064;T083;T084;T085;T086;T087;T088;T089;T090;T091;T092;T093;T114;T115;T116;T117;T118;T119;T120;T121;T122;T123;T124;T125;T126;T127;T128;T129;T130;T131;T132;T133;T134;T135;T136;T137;T138;T139;T140;T141;T142;T143;T144;T145;T146;T147;T148;T149;T150;T151;T152;T153;T154;T155;T156;T157
N027,M3,Implement tick-indexed prediction history,Runtime,P0,M2,9,State commands dependencies and lifecycle metadata survive configured horizon,Not started,Proposed engineering task,,,,T023;T024;T025;T026;T027;T028;T029;T030;T031;T032;T033;T034;T035;T036;T037;T038;T039;T040
N028,M3,Implement complete scoped owner checkpoints,Runtime,P0,M2,"9,12,17",Owner group and dependency scope identities are complete and authorized before client prediction admission,Not started,Proposed engineering task,S17,,https://docs.unity3d.com/Packages/com.unity.netcode@1.5/manual/prediction-details.html,T023;T024;T025;T026;T027;T028;T029;T030;T031;T032;T033;T034;T035;T036;T037;T038;T039;T040;T063;T064;T083;T084;T085;T086;T087;T088;T089;T090;T091;T092;T093;T114;T115;T116;T117;T118;T119;T120;T121;T122;T123;T124;T125;T126;T127;T128;T129;T130;T131;T132;T133;T134;T135;T136;T137;T138;T139;T140;T141;T142;T143;T144;T145;T146;T147;T148;T149;T150;T151;T152;T153;T154;T155;T156;T157
N029,M3,Implement restore-and-replay reconciliation,Gameplay,P0,M2,9,Replay begins at K+1; newer useful correction supersedes stale work,Not started,Proposed engineering task,"S02,S38",,https://raw.githubusercontent.com/ValveSoftware/source-sdk-2013/master/src/game/client/prediction.cpp ; https://raw.githubusercontent.com/id-Software/Quake-III-Arena/master/code/cgame/cg_predict.c,T023;T024;T025;T026;T027;T028;T029;T030;T031;T032;T033;T034;T035;T036;T037;T038;T039;T040
N030,M3,Implement dependency-aware invalidation,Gameplay,P0,M2,"9,12",Equal position with changed velocity or dependency revision still corrects,Not started,Proposed engineering task,,,,T023;T024;T025;T026;T027;T028;T029;T030;T031;T032;T033;T034;T035;T036;T037;T038;T039;T040
N031,M3,Implement visual-only local correction,Engine,P0,M2,10,Physics corrects immediately; camera/body smoothing never feeds simulation,Not started,Proposed engineering task,S21,,https://docs.unity3d.com/Packages/com.unity.netcode@1.5/manual/prediction-smoothing.html,T041;T042;T043;T044;T045;T046;T047;T048
N032,M3,Implement remote snapshot interpolation,Engine,P0,M2,10,Out-of-order packets never reverse presentation; discontinuities do not blend,Not started,Proposed engineering task,S46,,https://gafferongames.com/post/snapshot_interpolation/,T041;T042;T043;T044;T045;T046;T047;T048
N033,M3,Implement underrun and extrapolation policies,Engine,P0,M2,10,Extrapolation cap produces explicit degraded behavior rather than unlimited drift,Not started,Proposed engineering task,,,,T041;T042;T043;T044;T045;T046;T047;T048
N034,M3,Implement replay budget and resync,Runtime,P0,M2,"6,9",Missing history or excess replay work requests a complete bounded recovery,Not started,Proposed engineering task,,,,T001;T002;T003;T004;T005;T006;T007;T008;T023;T024;T025;T026;T027;T028;T029;T030;T031;T032;T033;T034;T035;T036;T037;T038;T039;T040
N035,M3,Build spatially separated real-client arena launcher,Engine,P0,M2,"17,23",Two rendered separate-process clients receive different eligible sets; no broadcast-all path; both pass loss and re-entry cases,Not started,Proposed engineering task,,,,T063;T064;T083;T084;T085;T086;T087;T088;T089;T090;T091;T092;T093;T114;T115;T116;T117;T118;T119;T120;T121;T122;T123;T124;T125;T126;T127;T128;T129;T130;T131;T132;T133;T134;T135;T136;T137;T138;T139;T140;T141;T142;T143;T144;T145;T146;T147;T148;T149;T150;T151;T152;T153;T154;T155;T156;T157
N036,M3,Build network/timeline overlay,QA,P0,M2,20,Tick age slack loss queue bytes replay cost and correction cause visible,Not started,Proposed engineering task,,,,T102;T103;T104;T105;T106;T107;T108
N043,M3,Implement static prediction groups with scoped dependencies,Gameplay,P0,M2,"12,17",Whole authorized group admitted or denied; platform scope/history is not silently omitted,Not started,Proposed engineering task,S17,,https://docs.unity3d.com/Packages/com.unity.netcode@1.5/manual/prediction-details.html,T023;T024;T025;T026;T027;T028;T029;T030;T031;T032;T033;T034;T035;T036;T037;T038;T039;T040;T063;T064;T083;T084;T085;T086;T087;T088;T089;T090;T091;T092;T093;T114;T115;T116;T117;T118;T119;T120;T121;T122;T123;T124;T125;T126;T127;T128;T129;T130;T131;T132;T133;T134;T135;T136;T137;T138;T139;T140;T141;T142;T143;T144;T145;T146;T147;T148;T149;T150;T151;T152;T153;T154;T155;T156;T157
N063,M3,Implement persistent semantic state on scope re-entry,Engine,P0,M2,"10,15,17","Test effect reconstructs from full current state under a new scope epoch, without old start RPCs",Not started,Proposed engineering task,S41,,https://www.riotgames.com/en/news/demolishing-wallhacks-valorants-fog-war,T041;T042;T043;T044;T045;T046;T047;T048;T058;T059;T060;T061;T062;T063;T064;T065;T066;T067;T083;T084;T085;T086;T087;T088;T089;T090;T091;T092;T093;T114;T115;T116;T117;T118;T119;T120;T121;T122;T123;T124;T125;T126;T127;T128;T129;T130;T131;T132;T133;T134;T135;T136;T137;T138;T139;T140;T141;T142;T143;T144;T145;T146;T147;T148;T149;T150;T151;T152;T153;T154;T155;T156;T157
N096,M3,Integrate graph scopes with replay dependency retention,Gameplay,P0,M2,"9,12,17",Leaving render interest preserves budgeted replay samples; revoked dependencies invalidate prediction safely,Not started,Derived library implementation of selected Epic Replication Graph basis,,,,T023;T024;T025;T026;T027;T028;T029;T030;T031;T032;T033;T034;T035;T036;T037;T038;T039;T040;T063;T064;T083;T084;T085;T086;T087;T088;T089;T090;T091;T092;T093;T114;T115;T116;T117;T118;T119;T120;T121;T122;T123;T124;T125;T126;T127;T128;T129;T130;T131;T132;T133;T134;T135;T136;T137;T138;T139;T140;T141;T142;T143;T144;T145;T146;T147;T148;T149;T150;T151;T152;T153;T154;T155;T156;T157
N097,M3,Run spatial prediction impaired-network vertical slice,QA,P0,M2,"9,12,17,22",Separated clients platform dependency loss/re-entry and denied hidden actor tests pass in real processes,Not started,Derived library implementation of selected Epic Replication Graph basis,,T114;T115;T116;T117;T118;T119;T120;T121;T122;T123;T124;T125;T126;T127;T128;T129;T130;T131;T132;T133;T134;T135;T136;T137;T138;T139;T140;T141;T142;T143;T144;T145;T146;T147;T148;T149;T150;T151;T152;T153;T154;T155;T156;T157,,T023;T024;T025;T026;T027;T028;T029;T030;T031;T032;T033;T034;T035;T036;T037;T038;T039;T040;T063;T064;T083;T084;T085;T086;T087;T088;T089;T090;T091;T092;T093;T114;T115;T116;T117;T118;T119;T120;T121;T122;T123;T124;T125;T126;T127;T128;T129;T130;T131;T132;T133;T134;T135;T136;T137;T138;T139;T140;T141;T142;T143;T144;T145;T146;T147;T148;T149;T150;T151;T152;T153;T154;T155;T156;T157
N098,M3,Build per-connection interest inspector,Engine,P0,M2,"17,20",Explains candidate reasons authorized field set scope epoch version dormancy and budget deferrals without client secrets,Not started,Derived library implementation of selected Epic Replication Graph basis,,,,T063;T064;T083;T084;T085;T086;T087;T088;T089;T090;T091;T092;T093;T102;T103;T104;T105;T106;T107;T108;T114;T115;T116;T117;T118;T119;T120;T121;T122;T123;T124;T125;T126;T127;T128;T129;T130;T131;T132;T133;T134;T135;T136;T137;T138;T139;T140;T141;T142;T143;T144;T145;T146;T147;T148;T149;T150;T151;T152;T153;T154;T155;T156;T157
N037,M4,Implement moving/rotating base prediction,Gameplay,P1,M3,11,Rider replay uses historical base pose and inherits dismount velocity once,Not started,Proposed engineering task,S08,,https://dev.epicgames.com/documentation/en-us/unreal-engine/understanding-networked-movement-in-the-character-movement-component-for-unreal-engine,T049;T050;T051;T052;T053;T054;T055;T056;T057
N038,M4,Implement ability state machines,Gameplay,P1,M3,13,Dash charge stamina cooldown and stun are checkpointed and replayable,Not started,Proposed engineering task,S11,,https://dev.epicgames.com/documentation/en-us/unreal-engine/API/Plugins/GameplayAbilities/FPredictionKey,T041;T042;T043;T044;T045;T046;T047;T048
N039,M4,Implement deterministic event journal,Engine,P1,M3,13,Accepted replay does not duplicate VFX; rejected reversible effects cancel,Not started,Proposed engineering task,S11,,https://dev.epicgames.com/documentation/en-us/unreal-engine/API/Plugins/GameplayAbilities/FPredictionKey,T041;T042;T043;T044;T045;T046;T047;T048
N040,M4,Implement stable predicted spawn binding,Runtime,P1,M3,15,Acceptance binds by action key; delayed acceptance cannot resurrect old visual,Not started,Proposed engineering task,,,,T058;T059;T060;T061;T062;T063;T064;T065;T066;T067
N042,M4,Implement ownership handoff,Runtime,P1,M3,15,Old owner is rejected after effective tick; new owner gets full checkpoint,Not started,Proposed engineering task,,,,T058;T059;T060;T061;T062;T063;T064;T065;T066;T067
N044,M4,Implement deterministic root-motion source,Gameplay,P1,M3,13,Movement curve phase matches server independently of rendered animation,Not started,Proposed engineering task,S08,,https://dev.epicgames.com/documentation/en-us/unreal-engine/understanding-networked-movement-in-the-character-movement-component-for-unreal-engine,T041;T042;T043;T044;T045;T046;T047;T048
N045,M4,Implement remote collision proxy policy,Gameplay,P1,M3,11,Collision reads no delayed render transforms; crowding tests characterize errors,Not started,Proposed engineering task,,,,T049;T050;T051;T052;T053;T054;T055;T056;T057
N099,M4,Integrate event audiences attachments and region absence state,Gameplay,P1,M3,"13,15,17",Hidden sources remain undisclosed; parent scopes resolve by identity; destroyed map props do not reappear after region entry,Not started,Derived library implementation of selected Epic Replication Graph basis,,,,T041;T042;T043;T044;T045;T046;T047;T048;T058;T059;T060;T061;T062;T063;T064;T065;T066;T067;T083;T084;T085;T086;T087;T088;T089;T090;T091;T092;T093;T114;T115;T116;T117;T118;T119;T120;T121;T122;T123;T124;T125;T126;T127;T128;T129;T130;T131;T132;T133;T134;T135;T136;T137;T138;T139;T140;T141;T142;T143;T144;T145;T146;T147;T148;T149;T150;T151;T152;T153;T154;T155;T156;T157
N046,M5,Implement server combat poses,Gameplay,P1,M4,14,Headless hitboxes update on declared ticks and match chosen collision rig,Not started,Proposed engineering task,S03,,https://raw.githubusercontent.com/ValveSoftware/source-sdk-2013/master/src/game/server/player_lagcompensation.cpp,T068;T069;T070;T071;T072;T073;T074;T075;T076;T077;T078;T079;T080;T081;T082
N047,M5,Implement immutable hit-history query world,Runtime,P1,M4,14,Concurrent historical queries cannot mutate live gameplay state,Not started,Proposed engineering task,S03,,https://raw.githubusercontent.com/ValveSoftware/source-sdk-2013/master/src/game/server/player_lagcompensation.cpp,T068;T069;T070;T071;T072;T073;T074;T075;T076;T077;T078;T079;T080;T081;T082
N048,M5,Implement timestamp bounds and rewind cap,Runtime,P1,M4,14,Untrusted view times cannot exceed policy or subtract RTT twice,Not started,Proposed engineering task,,,,T068;T069;T070;T071;T072;T073;T074;T075;T076;T077;T078;T079;T080;T081;T082
N049,M5,Implement authoritative hitscan transactions,Gameplay,P1,M4,14,Origin ammo cooldown eligibility range and damage are computed by server,Not started,Proposed engineering task,,,,T068;T069;T070;T071;T072;T073;T074;T075;T076;T077;T078;T079;T080;T081;T082
N050,M5,Implement defense/cover boundary policy,Gameplay,P1,M4,14,Shield door teleport and death-at-shot-boundary tests match ADR-07,Not started,Proposed engineering task,,,,T068;T069;T070;T071;T072;T073;T074;T075;T076;T077;T078;T079;T080;T081;T082
N051,M5,Implement deterministic simultaneous damage,Gameplay,P1,M4,"8,14",Connection iteration order does not change equal-time combat outcome,Not started,Proposed engineering task,,,,T068;T069;T070;T071;T072;T073;T074;T075;T076;T077;T078;T079;T080;T081;T082
N052,M5,Implement authoritative projectile flight,Gameplay,P1,M4,15,Sweeps cannot skip thin blockers; impacts commit once,Not started,Proposed engineering task,,,,T058;T059;T060;T061;T062;T063;T064;T065;T066;T067
N053,M5,Implement melee beam and area attack contracts,Gameplay,P1,M4,14,Damage schedule uses simulation time and per-target idempotency,Not started,Proposed engineering task,,,,T068;T069;T070;T071;T072;T073;T074;T075;T076;T077;T078;T079;T080;T081;T082
N055,M5,Build shot and action trace inspector,QA,P1,M4,20,One action is traceable from sampling through verdict and presentation,Not started,Proposed engineering task,,,,T102;T103;T104;T105;T106;T107;T108
N056,M6,Implement schema-generated field serialization,Runtime,P1,M3;M4,16,Stable IDs quantizers and compatibility vectors cover all replicated types,Not started,Proposed engineering task,S39,,https://raw.githubusercontent.com/id-Software/Quake-III-Arena/master/code/qcommon/msg.c,T083;T084;T085;T086;T087;T088;T089;T090;T091;T092;T093
N058,M6,Implement baseline retirement and reset,Runtime,P1,M3;M4,16,Extend M2 full-state/reset-safe scopes with negotiated delta baseline retirement; no old-scope or old-representation baseline reuse,Not started,Proposed engineering task,,,,T083;T084;T085;T086;T087;T088;T089;T090;T091;T092;T093
N066,M6,"Run 100-connection / 50,000-actor graph qualification",QA,P1,M3;M4,"17,21,22",Separate sparse dense dormant and wake scenarios report candidates memory bandwidth and CPU; results are not claimed Fortnite benchmarks,Not started,Proposed engineering task,S09,,https://dev.epicgames.com/documentation/en-us/unreal-engine/replication-graph-in-unreal-engine,T063;T064;T083;T084;T085;T086;T087;T088;T089;T090;T091;T092;T093;T102;T103;T104;T105;T106;T107;T108;T114;T115;T116;T117;T118;T119;T120;T121;T122;T123;T124;T125;T126;T127;T128;T129;T130;T131;T132;T133;T134;T135;T136;T137;T138;T139;T140;T141;T142;T143;T144;T145;T146;T147;T148;T149;T150;T151;T152;T153;T154;T155;T156;T157
N100,M6,Evaluate distance-frequency optimization and feasible-load fairness,Runtime,P1,M3;M4,"16,17","Record a measured enable/defer decision; if enabled, due-time node operates only on eligible sets and critical groups bypass optional frequency limits; overdue metrics expose overload",Not started,Derived library implementation of selected Epic Replication Graph basis,S57,,https://dev.epicgames.com/documentation/en-us/unreal-engine/API/Plugins/ReplicationGraph/UReplicationGraphNode_DynamicSpa-,T063;T064;T083;T084;T085;T086;T087;T088;T089;T090;T091;T092;T093;T114;T115;T116;T117;T118;T119;T120;T121;T122;T123;T124;T125;T126;T127;T128;T129;T130;T131;T132;T133;T134;T135;T136;T137;T138;T139;T140;T141;T142;T143;T144;T145;T146;T147;T148;T149;T150;T151;T152;T153;T154;T155;T156;T157
N101,M6,Optimize shared lists and authorized payload reuse,Runtime,P1,M3;M4,"16,17",Candidate/codec savings measured; no connection-baseline private-field or encrypted-packet reuse,Not started,Derived library implementation of selected Epic Replication Graph basis,"S51,S61",,https://dev.epicgames.com/documentation/unreal-engine/API/Plugins/ReplicationGraph/UReplicationGraphNode?lang=en-US ; https://dev.epicgames.com/documentation/en-us/unreal-engine/API/Plugins/ReplicationGraph/FGlobalActorReplicationInfo,T063;T064;T083;T084;T085;T086;T087;T088;T089;T090;T091;T092;T093;T114;T115;T116;T117;T118;T119;T120;T121;T122;T123;T124;T125;T126;T127;T128;T129;T130;T131;T132;T133;T134;T135;T136;T137;T138;T139;T140;T141;T142;T143;T144;T145;T146;T147;T148;T149;T150;T151;T152;T153;T154;T155;T156;T157
N102,M6,Benchmark hotspot wake and teleport entry storms,QA,P1,M3;M4,"17,21,22",Finite entry progress deadlines and budgets; dense workload degrades explicitly without incomplete prediction,Not started,Derived library implementation of selected Epic Replication Graph basis,,,,T063;T064;T083;T084;T085;T086;T087;T088;T089;T090;T091;T092;T093;T102;T103;T104;T105;T106;T107;T108;T114;T115;T116;T117;T118;T119;T120;T121;T122;T123;T124;T125;T126;T127;T128;T129;T130;T131;T132;T133;T134;T135;T136;T137;T138;T139;T140;T141;T142;T143;T144;T145;T146;T147;T148;T149;T150;T151;T152;T153;T154;T155;T156;T157
N067,M7,Fuzz codecs and admission,QA,P0,M5;M6,"18,22",Malformed corpus cannot panic allocate unbounded memory or mutate authority,Not started,Proposed engineering task,,,,T094;T095;T096;T097;T098;T099;T100;T101
N068,M7,Test cross-platform determinism domain,QA,P0,M5;M6,"5,22",x86/ARM and selected client/server build combinations meet declared replay contract,Not started,Proposed engineering task,S49,,https://rapier.rs/docs/user_guides/rust/determinism/,
N069,M7,Implement reconnect recovery and old-epoch rejection,Runtime,P0,M5;M6,"15,18",New connection cannot replay old authority or duplicate terminal transactions,Not started,Proposed engineering task,,,,T058;T059;T060;T061;T062;T063;T064;T065;T066;T067;T094;T095;T096;T097;T098;T099;T100;T101
N070,M7,Implement server health and admission shedding,Runtime,P0,M5;M6,"8,20",Overloaded instance stops admitting matches and exposes tick debt,Not started,Proposed engineering task,,,,T102;T103;T104;T105;T106;T107;T108
N071,M7,Implement replay/trace privacy and retention,QA,P0,M5;M6,20,Sensitive data access restricted; production trace memory bounded,Not started,Proposed engineering task,,,,T102;T103;T104;T105;T106;T107;T108
N072,M7,Run full impairment matrix,QA,P0,M5;M6,22,Loss jitter asymmetry reorder bandwidth and stalls pass correctness gates,Not started,Proposed engineering task,,,,
N073,M7,Run 24-hour soak and resource audit,QA,P0,M5;M6,"17,22",24-hour scope-churn/dormancy/observer soak has bounded memory and correct counter retirement plus baseline and replay budgets,Not started,Proposed engineering task,,,,T063;T064;T083;T084;T085;T086;T087;T088;T089;T090;T091;T092;T093;T109;T110;T112;T113;T114;T115;T116;T117;T118;T119;T120;T121;T122;T123;T124;T125;T126;T127;T128;T129;T130;T131;T132;T133;T134;T135;T136;T137;T138;T139;T140;T141;T142;T143;T144;T145;T146;T147;T148;T149;T150;T151;T152;T153;T154;T155;T156;T157
N074,M7,Measure end-to-end response and correction quality,QA,P0,M5;M6,"21,22",Results include hardware render/display path percentiles and external-event separation,Not started,Proposed engineering task,S40,,https://www.riotgames.com/en/news/peeking-valorants-netcode,T102;T103;T104;T105;T106;T107;T108
N075,M7,Publish versioned SDK and release report,Lead,P0,M5;M6,"23,26",Server clients sample docs lockfiles trace tools and acceptance evidence packaged,Not started,Proposed engineering task,,,,
N103,M7,Fuzz observer scope dependency and disclosure boundaries,QA,P0,M5;M6,"17,18,22,27",Malformed/stale scopes invalid grants and policy races cannot leak fields resurrect replicas or exhaust work,Not started,Derived library implementation of selected Epic Replication Graph basis,,T114;T115;T116;T117;T118;T119;T120;T121;T122;T123;T124;T125;T126;T127;T128;T129;T130;T131;T132;T133;T134;T135;T136;T137;T138;T139;T140;T141;T142;T143;T144;T145;T146;T147;T148;T149;T150;T151;T152;T153;T154;T155;T156;T157,,T063;T064;T083;T084;T085;T086;T087;T088;T089;T090;T091;T092;T093;T094;T095;T096;T097;T098;T099;T100;T101;T109;T110;T112;T113;T114;T115;T116;T117;T118;T119;T120;T121;T122;T123;T124;T125;T126;T127;T128;T129;T130;T131;T132;T133;T134;T135;T136;T137;T138;T139;T140;T141;T142;T143;T144;T145;T146;T147;T148;T149;T150;T151;T152;T153;T154;T155;T156;T157
N104,M7,Qualify graph memory lifecycle and diagnostic privacy,QA,P0,M5;M6,"17,20,22",Long churn bounds all connection records histories route caches and pending control; private data stays server-only,Not started,Derived library implementation of selected Epic Replication Graph basis,,,,T063;T064;T083;T084;T085;T086;T087;T088;T089;T090;T091;T092;T093;T102;T103;T104;T105;T106;T107;T108;T109;T110;T112;T113;T114;T115;T116;T117;T118;T119;T120;T121;T122;T123;T124;T125;T126;T127;T128;T129;T130;T131;T132;T133;T134;T135;T136;T137;T138;T139;T140;T141;T142;T143;T144;T145;T146;T147;T148;T149;T150;T151;T152;T153;T154;T155;T156;T157
N076,M8,Add deterministic sub-tick actions,Gameplay,P2,M7,14,Segment durations sum to one tick; no extra movement or fire-rate budget,Not started,Proposed engineering task,S06,,https://www.counter-strike.net/cs2,T109;T110;T112;T113
N077,M8,Add dynamic prediction group merging,Gameplay,P2,M7,12,Merge/split produces coherent checkpoint and no cross-time writes,Not started,Proposed engineering task,S17,,https://docs.unity3d.com/Packages/com.unity.netcode@1.5/manual/prediction-details.html,T109;T110;T112;T113
N079,M8,Add bounded projectile catch-up,Gameplay,P2,M7,15,Historical sweeps validate every catch-up interval within work cap,Not started,Proposed engineering task,,,,
N081,M8,Add large-world streaming/origin support,Runtime,P2,M7,17,Scene/origin revisions cannot corrupt historical coordinates or prediction,Not started,Proposed engineering task,,,,T109;T110;T112;T113
N082,M8,Qualify browser and relay transport paths,Runtime,P2,M7,18,Platform-specific loss/ordering behavior measured; no unproven equivalence claim,Not started,Proposed engineering task,,,,
N105,M8,Add coarse or layered spatial nodes for new world envelopes,Runtime,P2,M7,"17,21",Oversized or vertically dense scenes get explicit alternate nodes with oracle equivalence and measured caps,Not started,Derived library implementation of selected Epic Replication Graph basis,S52,,https://dev.epicgames.com/documentation/en-us/unreal-engine/API/Plugins/ReplicationGraph/UReplicationGraphNode_GridSpatia-,T109;T110;T112;T113
